<?xml version="1.0" encoding="UTF-8"?>
<java version="1.8.0_131" class="java.beans.XMLDecoder">
 <object class="org.eclipse.epp.internal.mpc.ui.catalog.MarketplaceInfo" id="MarketplaceInfo0">
  <void property="iuToNodeKey">
   <void method="put">
    <string>org.zeroturnaround.eclipse.feature</string>
    <object class="java.util.ArrayList">
     <void method="add">
      <string>http://marketplace.eclipse.org#29591</string>
     </void>
    </object>
   </void>
   <void method="put">
    <string>oracle.eclipse.tools.maf.v232.examples</string>
    <object class="java.util.ArrayList">
     <void method="add">
      <string>http://marketplace.eclipse.org#1775093</string>
     </void>
    </object>
   </void>
   <void method="put">
    <string>mt.com.southedge.jclockwork.feature</string>
    <object class="java.util.ArrayList">
     <void method="add">
      <string>http://marketplace.eclipse.org#37357</string>
     </void>
    </object>
   </void>
   <void method="put">
    <string>oracle.eclipse.tools.maf.v231.rt</string>
    <object class="java.util.ArrayList">
     <void method="add">
      <string>http://marketplace.eclipse.org#1775093</string>
     </void>
    </object>
   </void>
   <void method="put">
    <string>com.vaadin.designer.eclipse</string>
    <object class="java.util.ArrayList">
     <void method="add">
      <string>http://marketplace.eclipse.org#1023</string>
     </void>
    </object>
   </void>
   <void method="put">
    <string>com.vaadin.designer2.eclipse</string>
    <object class="java.util.ArrayList">
     <void method="add">
      <string>http://marketplace.eclipse.org#1023</string>
     </void>
    </object>
   </void>
   <void method="put">
    <string>org.eclipse.draw2d.tooling</string>
    <object class="java.util.ArrayList">
     <void method="add">
      <string>http://marketplace.eclipse.org#153063</string>
     </void>
    </object>
   </void>
   <void method="put">
    <string>de.weingardt.mylyn.gitlab</string>
    <object class="java.util.ArrayList">
     <void method="add">
      <string>http://marketplace.eclipse.org#2250861</string>
     </void>
    </object>
   </void>
   <void method="put">
    <string>oracle.eclipse.tools.maf.v221.rt</string>
    <object class="java.util.ArrayList">
     <void method="add">
      <string>http://marketplace.eclipse.org#1775093</string>
     </void>
    </object>
   </void>
   <void method="put">
    <string>org.coreasm.eclipse.feature</string>
    <object class="java.util.ArrayList">
     <void method="add">
      <string>http://marketplace.eclipse.org#1300431</string>
     </void>
    </object>
   </void>
   <void method="put">
    <string>oracle.eclipse.tools.maf.v221.examples</string>
    <object class="java.util.ArrayList">
     <void method="add">
      <string>http://marketplace.eclipse.org#1775093</string>
     </void>
    </object>
   </void>
   <void method="put">
    <string>oracle.eclipse.tools.maf.v22.examples</string>
    <object class="java.util.ArrayList">
     <void method="add">
      <string>http://marketplace.eclipse.org#1775093</string>
     </void>
    </object>
   </void>
   <void method="put">
    <string>oracle.eclipse.tools.maf.v212.rt</string>
    <object class="java.util.ArrayList">
     <void method="add">
      <string>http://marketplace.eclipse.org#1775093</string>
     </void>
    </object>
   </void>
   <void method="put">
    <string>oracle.eclipse.tools.maf</string>
    <object class="java.util.ArrayList">
     <void method="add">
      <string>http://marketplace.eclipse.org#1775093</string>
     </void>
    </object>
   </void>
   <void method="put">
    <string>oracle.eclipse.tools.maf.v212.examples</string>
    <object class="java.util.ArrayList">
     <void method="add">
      <string>http://marketplace.eclipse.org#1775093</string>
     </void>
    </object>
   </void>
   <void method="put">
    <string>org.libreoffice.ide.eclipse.java</string>
    <object class="java.util.ArrayList">
     <void method="add">
      <string>http://marketplace.eclipse.org#2881446</string>
     </void>
    </object>
   </void>
   <void method="put">
    <string>oracle.eclipse.tools.maf.v21.rt</string>
    <object class="java.util.ArrayList">
     <void method="add">
      <string>http://marketplace.eclipse.org#1775093</string>
     </void>
    </object>
   </void>
   <void method="put">
    <string>org.moreunit</string>
    <object class="java.util.ArrayList">
     <void method="add">
      <string>http://marketplace.eclipse.org#194</string>
     </void>
    </object>
   </void>
   <void method="put">
    <string>org.eclipse.datatools.enablement.sdk.feature</string>
    <object class="java.util.ArrayList">
     <void method="add">
      <string>http://marketplace.eclipse.org#1418115</string>
     </void>
    </object>
   </void>
   <void method="put">
    <string>org.zeroturnaround.eclipse.wtp.feature</string>
    <object class="java.util.ArrayList">
     <void method="add">
      <string>http://marketplace.eclipse.org#29591</string>
     </void>
    </object>
   </void>
   <void method="put">
    <string>oracle.eclipse.tools.maf.v21.examples</string>
    <object class="java.util.ArrayList">
     <void method="add">
      <string>http://marketplace.eclipse.org#1775093</string>
     </void>
    </object>
   </void>
   <void method="put">
    <string>oracle.eclipse.tools.maf.v23.rt</string>
    <object class="java.util.ArrayList">
     <void method="add">
      <string>http://marketplace.eclipse.org#1775093</string>
     </void>
    </object>
   </void>
   <void method="put">
    <string>oracle.eclipse.tools.maf.v222.examples</string>
    <object class="java.util.ArrayList">
     <void method="add">
      <string>http://marketplace.eclipse.org#1775093</string>
     </void>
    </object>
   </void>
   <void method="put">
    <string>oracle.eclipse.tools.maf.v213.examples</string>
    <object class="java.util.ArrayList">
     <void method="add">
      <string>http://marketplace.eclipse.org#1775093</string>
     </void>
    </object>
   </void>
   <void method="put">
    <string>oracle.eclipse.tools.maf.v201.rt</string>
    <object class="java.util.ArrayList">
     <void method="add">
      <string>http://marketplace.eclipse.org#1775093</string>
     </void>
    </object>
   </void>
   <void method="put">
    <string>com.cthing.cmakeed.feature</string>
    <object class="java.util.ArrayList">
     <void method="add">
      <string>http://marketplace.eclipse.org#2983824</string>
     </void>
    </object>
   </void>
   <void method="put">
    <string>oracle.eclipse.tools.maf.v201.examples</string>
    <object class="java.util.ArrayList">
     <void method="add">
      <string>http://marketplace.eclipse.org#1775093</string>
     </void>
    </object>
   </void>
   <void method="put">
    <string>oracle.eclipse.tools.maf.v222.rt</string>
    <object class="java.util.ArrayList">
     <void method="add">
      <string>http://marketplace.eclipse.org#1775093</string>
     </void>
    </object>
   </void>
   <void method="put">
    <string>org.moreunit.light</string>
    <object class="java.util.ArrayList">
     <void method="add">
      <string>http://marketplace.eclipse.org#194</string>
     </void>
    </object>
   </void>
   <void method="put">
    <string>org.junithelper.plugin</string>
    <object class="java.util.ArrayList">
     <void method="add">
      <string>http://marketplace.eclipse.org#2298</string>
     </void>
    </object>
   </void>
   <void method="put">
    <string>org.eclipse.pde.visualization.dependency_feature.feature.group</string>
    <object class="java.util.ArrayList">
     <void method="add">
      <string>http://marketplace.eclipse.org#1508744</string>
     </void>
    </object>
   </void>
   <void method="put">
    <string>oracle.eclipse.tools.maf.v213.rt</string>
    <object class="java.util.ArrayList">
     <void method="add">
      <string>http://marketplace.eclipse.org#1775093</string>
     </void>
    </object>
   </void>
   <void method="put">
    <string>org.unicase.client</string>
    <object class="java.util.ArrayList">
     <void method="add">
      <string>http://marketplace.eclipse.org#548602</string>
     </void>
    </object>
   </void>
   <void method="put">
    <string>oracle.eclipse.tools.maf.v211.rt</string>
    <object class="java.util.ArrayList">
     <void method="add">
      <string>http://marketplace.eclipse.org#1775093</string>
     </void>
    </object>
   </void>
   <void method="put">
    <string>org.testng.eclipse</string>
    <object class="java.util.ArrayList">
     <void method="add">
      <string>http://marketplace.eclipse.org#1549</string>
     </void>
    </object>
   </void>
   <void method="put">
    <string>org.moreunit.mock</string>
    <object class="java.util.ArrayList">
     <void method="add">
      <string>http://marketplace.eclipse.org#194</string>
     </void>
    </object>
   </void>
   <void method="put">
    <string>oracle.eclipse.tools.maf.v211.examples</string>
    <object class="java.util.ArrayList">
     <void method="add">
      <string>http://marketplace.eclipse.org#1775093</string>
     </void>
    </object>
   </void>
   <void method="put">
    <string>oracle.eclipse.tools.maf.v23.examples</string>
    <object class="java.util.ArrayList">
     <void method="add">
      <string>http://marketplace.eclipse.org#1775093</string>
     </void>
    </object>
   </void>
   <void method="put">
    <string>com.vaadin.integration.eclipse</string>
    <object class="java.util.ArrayList">
     <void method="add">
      <string>http://marketplace.eclipse.org#1023</string>
     </void>
    </object>
   </void>
   <void method="put">
    <string>oracle.eclipse.tools.maf.v232.rt</string>
    <object class="java.util.ArrayList">
     <void method="add">
      <string>http://marketplace.eclipse.org#1775093</string>
     </void>
    </object>
   </void>
   <void method="put">
    <string>oracle.eclipse.tools.maf.v231.examples</string>
    <object class="java.util.ArrayList">
     <void method="add">
      <string>http://marketplace.eclipse.org#1775093</string>
     </void>
    </object>
   </void>
   <void method="put">
    <string>org.zeroturnaround.eclipse.m2e.feature</string>
    <object class="java.util.ArrayList">
     <void method="add">
      <string>http://marketplace.eclipse.org#29591</string>
     </void>
    </object>
   </void>
   <void method="put">
    <string>oracle.eclipse.tools.maf.v22.rt</string>
    <object class="java.util.ArrayList">
     <void method="add">
      <string>http://marketplace.eclipse.org#1775093</string>
     </void>
    </object>
   </void>
   <void method="put">
    <string>oracle.eclipse.tools.maf.v2.rt</string>
    <object class="java.util.ArrayList">
     <void method="add">
      <string>http://marketplace.eclipse.org#1775093</string>
     </void>
    </object>
   </void>
   <void method="put">
    <string>org.testng.eclipse.maven.feature</string>
    <object class="java.util.ArrayList">
     <void method="add">
      <string>http://marketplace.eclipse.org#1549</string>
     </void>
    </object>
   </void>
   <void method="put">
    <string>oracle.eclipse.tools.maf.v2.examples</string>
    <object class="java.util.ArrayList">
     <void method="add">
      <string>http://marketplace.eclipse.org#1775093</string>
     </void>
    </object>
   </void>
  </void>
  <void property="nodeKeyToIU">
   <void method="put">
    <string>http://marketplace.eclipse.org#1549</string>
    <object class="java.util.ArrayList">
     <void method="add">
      <string>org.testng.eclipse</string>
     </void>
     <void method="add">
      <string>org.testng.eclipse.maven.feature</string>
     </void>
    </object>
   </void>
   <void method="put">
    <string>http://marketplace.eclipse.org#1418115</string>
    <object class="java.util.ArrayList">
     <void method="add">
      <string>org.eclipse.datatools.enablement.sdk.feature</string>
     </void>
    </object>
   </void>
   <void method="put">
    <string>http://marketplace.eclipse.org#194</string>
    <object class="java.util.ArrayList">
     <void method="add">
      <string>org.moreunit</string>
     </void>
     <void method="add">
      <string>org.moreunit.mock</string>
     </void>
     <void method="add">
      <string>org.moreunit.light</string>
     </void>
    </object>
   </void>
   <void method="put">
    <string>http://marketplace.eclipse.org#1508744</string>
    <object class="java.util.ArrayList">
     <void method="add">
      <string>org.eclipse.pde.visualization.dependency_feature.feature.group</string>
     </void>
    </object>
   </void>
   <void method="put">
    <string>http://marketplace.eclipse.org#1775093</string>
    <object class="java.util.ArrayList">
     <void method="add">
      <string>oracle.eclipse.tools.maf</string>
     </void>
     <void method="add">
      <string>oracle.eclipse.tools.maf.v2.examples</string>
     </void>
     <void method="add">
      <string>oracle.eclipse.tools.maf.v2.rt</string>
     </void>
     <void method="add">
      <string>oracle.eclipse.tools.maf.v201.examples</string>
     </void>
     <void method="add">
      <string>oracle.eclipse.tools.maf.v201.rt</string>
     </void>
     <void method="add">
      <string>oracle.eclipse.tools.maf.v21.examples</string>
     </void>
     <void method="add">
      <string>oracle.eclipse.tools.maf.v21.rt</string>
     </void>
     <void method="add">
      <string>oracle.eclipse.tools.maf.v211.examples</string>
     </void>
     <void method="add">
      <string>oracle.eclipse.tools.maf.v211.rt</string>
     </void>
     <void method="add">
      <string>oracle.eclipse.tools.maf.v212.examples</string>
     </void>
     <void method="add">
      <string>oracle.eclipse.tools.maf.v212.rt</string>
     </void>
     <void method="add">
      <string>oracle.eclipse.tools.maf.v213.examples</string>
     </void>
     <void method="add">
      <string>oracle.eclipse.tools.maf.v213.rt</string>
     </void>
     <void method="add">
      <string>oracle.eclipse.tools.maf.v22.examples</string>
     </void>
     <void method="add">
      <string>oracle.eclipse.tools.maf.v22.rt</string>
     </void>
     <void method="add">
      <string>oracle.eclipse.tools.maf.v221.examples</string>
     </void>
     <void method="add">
      <string>oracle.eclipse.tools.maf.v221.rt</string>
     </void>
     <void method="add">
      <string>oracle.eclipse.tools.maf.v222.examples</string>
     </void>
     <void method="add">
      <string>oracle.eclipse.tools.maf.v222.rt</string>
     </void>
     <void method="add">
      <string>oracle.eclipse.tools.maf.v23.examples</string>
     </void>
     <void method="add">
      <string>oracle.eclipse.tools.maf.v23.rt</string>
     </void>
     <void method="add">
      <string>oracle.eclipse.tools.maf.v231.examples</string>
     </void>
     <void method="add">
      <string>oracle.eclipse.tools.maf.v231.rt</string>
     </void>
     <void method="add">
      <string>oracle.eclipse.tools.maf.v232.examples</string>
     </void>
     <void method="add">
      <string>oracle.eclipse.tools.maf.v232.rt</string>
     </void>
    </object>
   </void>
   <void method="put">
    <string>http://marketplace.eclipse.org#548602</string>
    <object class="java.util.ArrayList">
     <void method="add">
      <string>org.unicase.client</string>
     </void>
    </object>
   </void>
   <void method="put">
    <string>http://marketplace.eclipse.org#37357</string>
    <object class="java.util.ArrayList">
     <void method="add">
      <string>mt.com.southedge.jclockwork.feature</string>
     </void>
    </object>
   </void>
   <void method="put">
    <string>http://marketplace.eclipse.org#29591</string>
    <object class="java.util.ArrayList">
     <void method="add">
      <string>org.zeroturnaround.eclipse.feature</string>
     </void>
     <void method="add">
      <string>org.zeroturnaround.eclipse.wtp.feature</string>
     </void>
     <void method="add">
      <string>org.zeroturnaround.eclipse.m2e.feature</string>
     </void>
    </object>
   </void>
   <void method="put">
    <string>http://marketplace.eclipse.org#153063</string>
    <object class="java.util.ArrayList">
     <void method="add">
      <string>org.eclipse.draw2d.tooling</string>
     </void>
    </object>
   </void>
   <void method="put">
    <string>http://marketplace.eclipse.org#2881446</string>
    <object class="java.util.ArrayList">
     <void method="add">
      <string>org.libreoffice.ide.eclipse.java</string>
     </void>
    </object>
   </void>
   <void method="put">
    <string>http://marketplace.eclipse.org#2983824</string>
    <object class="java.util.ArrayList">
     <void method="add">
      <string>com.cthing.cmakeed.feature</string>
     </void>
    </object>
   </void>
   <void method="put">
    <string>http://marketplace.eclipse.org#2298</string>
    <object class="java.util.ArrayList">
     <void method="add">
      <string>org.junithelper.plugin</string>
     </void>
    </object>
   </void>
   <void method="put">
    <string>http://marketplace.eclipse.org#1023</string>
    <object class="java.util.ArrayList">
     <void method="add">
      <string>com.vaadin.integration.eclipse</string>
     </void>
     <void method="add">
      <string>com.vaadin.designer2.eclipse</string>
     </void>
     <void method="add">
      <string>com.vaadin.designer.eclipse</string>
     </void>
    </object>
   </void>
   <void method="put">
    <string>http://marketplace.eclipse.org#2250861</string>
    <object class="java.util.ArrayList">
     <void method="add">
      <string>de.weingardt.mylyn.gitlab</string>
     </void>
    </object>
   </void>
   <void method="put">
    <string>http://marketplace.eclipse.org#1300431</string>
    <object class="java.util.ArrayList">
     <void method="add">
      <string>org.coreasm.eclipse.feature</string>
     </void>
    </object>
   </void>
  </void>
 </object>
</java>
